{"find_rates_avg": 0.2896666666666667, "find_rates_wavg": 0.48039016430339854, "acc_avg": 0.28695833333333337, "acc_wavg": 0.4757832545577312, "miou_avg": 0.22220833333333334, "miou_wavg": 0.37071685797884313, "dice_avg": 0.262125, "dice_wavg": 0.4366021832095431}