{"find_rates_avg": 0.13243749999999999, "find_rates_wavg": 0.14938091353996738, "acc_avg": 0.13175, "acc_wavg": 0.14845377922784123, "miou_avg": 0.10725000000000001, "miou_wavg": 0.12019548667754212, "dice_avg": 0.12175, "dice_wavg": 0.1370804785209353}