{"find_rates_avg": 0.39511111111111114, "find_rates_wavg": 0.32445273090183274, "acc_avg": 0.39311111111111113, "acc_wavg": 0.3226251134095446, "miou_avg": 0.3184444444444445, "miou_wavg": 0.2695205951732898, "dice_avg": 0.3610555555555555, "dice_wavg": 0.3015744873888586}