{
    "find_rates_avg": 0.6081249999999999,
    "find_rates_wavg": 0.7618436866981769,
    "acc_avg": 0.5994999999999999,
    "acc_wavg": 0.7533083502138195,
    "miou_avg": 0.40787499999999993,
    "miou_wavg": 0.5354052442043664,
    "dice_avg": 0.511,
    "dice_wavg": 0.658607359891965
}