{
    "find_rates_avg": 0.5464444444444445,
    "find_rates_wavg": 0.4358230811105063,
    "acc_avg": 0.5432777777777777,
    "acc_wavg": 0.4332692796225731,
    "miou_avg": 0.4034444444444445,
    "miou_wavg": 0.3310014516421702,
    "dice_avg": 0.47272222222222227,
    "dice_wavg": 0.38369098167301763
}