{
    "find_rates_avg": 0.8995,
    "find_rates_wavg": 0.9167174515235458,
    "acc_avg": 0.895,
    "acc_wavg": 0.9112917820867958,
    "miou_avg": 0.681,
    "miou_wavg": 0.7109916897506925,
    "dice_avg": 0.7845,
    "dice_wavg": 0.8102336103416435
}