{
    "find_rates_avg": 0.254,
    "find_rates_wavg": 0.33773980424143557,
    "acc_avg": 0.252,
    "acc_wavg": 0.33387683523654155,
    "miou_avg": 0.1805625,
    "miou_wavg": 0.23554594888526373,
    "dice_avg": 0.2175,
    "dice_wavg": 0.2893599782490484
}