{
    "find_rates_avg": 0.3573125,
    "find_rates_wavg": 0.4298610657966286,
    "acc_avg": 0.3548125,
    "acc_wavg": 0.42525965198477433,
    "miou_avg": 0.22243749999999998,
    "miou_wavg": 0.27355002718868954,
    "dice_avg": 0.2821875,
    "dice_wavg": 0.34933442088091354
}