{
    "find_rates_avg": 0.861,
    "find_rates_wavg": 0.8876592797783934,
    "acc_avg": 0.8560000000000001,
    "acc_wavg": 0.8815484764542937,
    "miou_avg": 0.6639999999999999,
    "miou_wavg": 0.6980646352723915,
    "dice_avg": 0.76,
    "dice_wavg": 0.7914727608494921
}