{"find_rates_avg": 0.662, "find_rates_wavg": 0.7071726685133888, "acc_avg": 0.6585000000000001, "acc_wavg": 0.7031172668513389, "miou_avg": 0.541, "miou_wavg": 0.5861726685133888, "dice_avg": 0.6065, "dice_wavg": 0.6525983379501386}