{
    "find_rates_avg": 0.5045,
    "find_rates_wavg": 0.4037653783342406,
    "acc_avg": 0.5022222222222222,
    "acc_wavg": 0.4017842496824533,
    "miou_avg": 0.38599999999999995,
    "miou_wavg": 0.31755870078025766,
    "dice_avg": 0.4477222222222222,
    "dice_wavg": 0.3644518236254764
}