{
    "find_rates_avg": 0.542625,
    "find_rates_wavg": 0.7062606347062794,
    "acc_avg": 0.5370833333333334,
    "acc_wavg": 0.6992120189061445,
    "miou_avg": 0.381,
    "miou_wavg": 0.5124218996173756,
    "dice_avg": 0.4695833333333333,
    "dice_wavg": 0.6225091154625253
}